DB name=project

CREATE TABLE `category` (
`id` bigint(11) ,
`category_name` varchar(255),
PRIMARY KEY (`id`)
);


CREATE TABLE `branch`
(
   `id` bigint(11),
   `cat_id` int(11)NOT NULL,
   `branch_name` varchar(255) NOT NULL,
    PRIMARY KEY (`id`)
);


INSERT INTO category(`id`,`category_name`)VALUES
(1, 'CEG Campus'),
(2, 'ACTECH Campus'),
(3, 'SAP Campus');



INSERT INTO branch(`id`, `cat_id`, `branch_name`) VALUES
(1, 1, 'Computer Science and Engineering'),
(2, 1, 'Information Technology'),
(3, 1, 'Civil Engineering'),
(4, 1, 'Mechanical Engineering'),
(5, 1, 'ECE'),
(6, 1, 'EEE'),
(7, 2, 'Chemical'),
(10,2, 'Food Tech'),
(11, 2, 'Leather Tech'),
(12, 2, 'Ceramic Tech'),
(13, 2, 'Bio-Tech'),
(14, 2, 'Apparel Tech'),
(15, 3, 'Architecture');

create table sem(
`sem_id` bigint(11) NOT NULL auto_increment,
`br_name` varchar(60),
`sem_value` varchar(3),
PRIMARY KEY (`sem_id`)
);

insert into sem(`sem_id`,`br_name`,`sem`)values
(1,'Computer Science and Engineering','8'),
(2,'Information Technology','8'),
(3,'Civil Engineering','8'),
(4,'Mechanical Engineering','8'),
(5,'ECE','8'),
(6,'EEE','8'),
(7,'Chemical','8'),
(10,'Food Tech','8'),
(11,'Leather Tech','8'),
(12,'Ceramic Tech','8'),
(13,'Bio-Tech','8'),
(14,'Apparel Tech','8'),
(15,'Architecture','10');


create table subject(s_no int,sem_id int,sem_value int,subject_name varchar(100),primary key(s_no));

insert into subject(`s_no`,`sem_id`,`sem_value`,`subject_name`)values
(1,1,1,'Physics'),
(2,1,1,'Chemistry'),
(3,1,1,'C Language'),
(4,1,1,'Maths-I'),
(5,1,1,'English'),
(6,1,2,'C++'),
(7,1,2,'Digital Systems'),
(8,1,2,'Maths-II'),
(9,1,2,'Web Tech'),
(10,1,2,'English -II'),
(11,1,3,'OS'),
(12,1,3,'Java'),
(13,1,3,'Algorithm'),
(14,1,3,'Maths-III'),
(15,1,3,'CO'),
(16,1,4,'Data Structures'),
(17,1,4,'CA'),
(18,1,4,'CGT'),
(19,1,4,'Microprocessor'),
(20,1,4,'Hardwares'),
(21,1,5,'PHP'),
(22,1,5,'JS'),
(23,1,5,'System Software'),
(24,1,5,'Graphs'),
(25,1,5,'Comm.English'),
(26,1,6,'VB'),
(27,1,6,'Networking'),
(28,1,6,'C#'),
(29,1,6,'Python'),
(30,1,6,'Urls'),
(31,1,7,'PQT'),
(32,1,7,'Dot Net'),
(33,1,7,'Jquery'),
(34,1,7,'Compilers'),
(35,1,7,'Threads'),
(36,1,8,'Ruby'),
(37,1,8,'DB'),
(38,1,8,'ADB'),
(39,1,8,'Apk Dev'),
(40,1,8,'Project'),
(41,6,1,'Physics'),
(42,6,1,'Chemistry'),
(43,6,1,'C Language'),
(44,6,1,'Maths-I'),
(45,6,1,'English'),
(46,6,2,'Technical English II'),
(47,6,2,'Mathematics II'),
(48,6,2,'Engineering Physics II'),
(49,6,2,'Engineering Chemistry II'),
(50,6,2,'Engineering Mechanics'),
(51,6,2,'Circuit Theory'),
(52,6,2,'Electric Circuits and Electron Devices'),
(53,6,2,'Basic Electrical &Electronics Engineering'),
(54,6,2,'Basic Civil & Mechanical Engineering'),
(55,6,3,'Transforms and Partial Differential'),
(56,6,3,'Data Structures'),
(57,6,3,'Measurements & Instrumentation'),
(58,6,3,'Electromagnetic Theory'),
(59,6,3,'Environmental Science and Engineering'),
(60,6,3,'Electronic Devices & Circuits'),
(61,6,3,'Data Structures and Algorithms'),
(62,6,4,'Numerical Methods'),
(63,6,4,'Electrical Machines – I'),
(64,6,4,'Power Plant Engineering'),
(65,6,4,'Control Systems'),
(66,6,4,' Linear  Integrated Circuits and Applications'),
(67,6,4,'Digital Logic Circuits'),
(68,6,5,'Communication Engineering'),
(69,6,5,'Digital Signal Processing'),
(70,6,5,'Object Oriented Programming'),
(71,6,5,'Power Electronics'),
(72,6,5,'Electrical Machines II'),
(73,6,5,'Transmission & Distribution'),
(74,6,6,'Power System Analysis'),
(75,6,6,'Solid State Drives'),
(76,6,6,'High Voltage Engineering'),
(77,6,6,'Microprocessors and Micro controller'),
(78,6,6,'Design of Electrical Machines'),
(79,6,6,'Computer Networks'),
(80,6,7,'Power System Operation and Control'),
(81,6,7,'Protection & Switchgear'),
(82,6,7,'Special Electrical Machines'),
(83,6,7,'Principles of Management'),
(84,6,7,'Operating Systems'),
(85,6,7,'Elective – II'),
(86,6,8,'Electric Energy Generation, Utilization and Conservation'),
(87,6,8,'Elective – III'),
(88,6,8,'Elective – IV'),
(89,5,2,'Technical English II'),
(90,5,2,'Mathematics II'),
(91,5,2,'Engineering Physics II'),
(92,5,2,'Engineering Chemistry II'),
(93,5,2,'Engineering Mechanics'),
(94,5,2,'Circuit Theory'),
(95,5,2,'Electric Circuits and Electron Devices'),
(96,5,2,'Basic Electrical &Electronics Engineering'),
(97,5,2,'Basic Civil & Mechanical Engineering'),
(98,5,3,'Transforms and Partial Differential Equations'),
(99,5,3,'Electrical Engineering'),
(100,5,3,'Data Structures and Object Oriented Programming in C++'),
(101,5,3,'Digital Electronics'),
(102,5,3,'Signals and systems'),
(103,5,3,'Electronic Circuits'),
(104,5,4,'Probability and Random Processes (PRP Syllabus)'),
(105,5,4,'Electronic Circuits II (EC 2 Syllabus)'),
(106,5,4,'Communication Theory (CT syllabus)'),
(107,5,4,'Electromagnetic Fields (EMT syllabus)'),
(108,5,4,'Linear Integrated Circuits (LIC Syllabus)'),
(109,5,4,'Control Systems (CS Syllabus)'),
(110,5,5,'Digital Communication'),
(111,5,5,'Digital Signal Processing'),
(112,5,5,'Computer Architecture and Organization'),
(113,5,5,'Transmission Lines and Wave guides'),
(114,5,5,'Environmental Science and Engineering'),
(115,5,5,'Microprocessors and Microcontrollers'),
(116,5,6,'Principles of Management'),
(117,5,6,'Measurements and Instrumentation'),
(118,5,6,'Computer Networks'),
(119,5,6,'Antenna and Wave Propagation'),
(120,5,6,'VLSI Design'),
(121,5,6,'Elective I'),
(122,5,7,'Wireless Communication'),
(123,5,7,'Optical Communication and Networks'),
(124,5,7,'RF and Microwave Engineering'),
(125,5,7,'Elective II'),
(126,5,7,'Elective III'),
(127,5,7,'Elective IV'),
(128,5,8,'Elective I'),
(129,5,8,'Elective II'),
(130,2,1,'Physics'),
(131,2,1,'Chemistry'),
(132,2,1,'C Language'),
(133,2,1,'Maths-I'),
(134,2,1,'English'),
(135,2,2,'Technical English – II'),
(136,2,2,'Mathematics – II'),
(137,2,2,'Engineering Physics – II'),
(138,2,2,'Engineering Chemistry – II'),
(139,2,2,'Engineering Mechanics'),
(140,2,2,'Circuit Theory'),
(141,2,2,'Electric Circuits and Electron Devices'),
(142,2,3,'Transforms and Partial Differential Equations'),
(143,2,3,'Data Structures'),
(144,2,3,'Digital Principles and Systems Design'),
(145,2,3,'Object Oriented Programming'),
(146,2,3,'Analog and Digital Communication'),
(147,2,3,'Environmental Science and Engineering'),
(148,2,4,'Probability and Queueing Theory PQT'),
(149,2,4,'Database Management Systems'),
(150,2,4,'Microprocessors and Microcontrollers'),
(151,2,4,'Computer Organization and Architecture'),
(152,2,4,'Operating Systems'),
(153,2,4,'Software Engineering and Quality Assurance'),
(154,2,5,'Java Programming'),
(155,2,5,'Engineering Economics & Financial Accounting'),
(156,2,5,'System Software'),
(157,2,5,'Computer Networks'),
(158,2,5,'Digital Signal Processing'),
(159,2,5,'Information Theory and Coding'),
(160,2,6,'Network Programming and Management'),
(161,2,6,'Object Oriented Analysis and Design'),
(162,2,6,'Cryptography and Network Security'),
(163,2,6,'Web Technology'),
(164,2,6,'Embedded Systems'),
(165,2,6,'Elective I'),
(166,2,7,'Service Oriented Architecture'),
(167,2,7,'Mobile Communication'),
(168,2,7,'Computer Graphics'),
(169,2,7,'Software Project Management'),
(170,2,7,'Elective II'),
(171,2,7,'Elective III'),
(172,2,8,'Elective I'),
(173,2,8,'Elective II'),
(174,3,1,'Physics'),
(175,3,1,'Chemistry'),
(176,3,1,'C Language'),
(177,3,1,'Maths-I'),
(178,3,1,'English'),
(179,3,2,'Technical English – II'),
(180,3,2,'Mathematics – II'),
(181,3,2,'Engineering Physics – II'),
(182,3,2,'Engineering Chemistry – II*'),
(183,3,2,'Engineering Mechanics'),
(184,3,2,'Circuit Theory'),
(185,3,2,'Electric Circuits and Electron Devices'),
(186,3,2,'Basic Electrical &Electronics Engineering'),
(187,3,2,'Basic Civil & Mechanical Engineering'),
(188,3,3,'Transforms and Partial Differential Equations'),
(189,3,3,'Environmental Science and Engineering'),
(190,3,3,'Applied Geology'),
(191,3,3,'Mechanics of Solids'),
(192,3,3,'Mechanics of Fluids'),
(193,3,3,'Construction Techniques, Equipment and Practice'),
(194,3,3,'Surveying– I'),
(195,3,4,'Numerical Methods'),
(196,3,4,'Soil Mechanics'),
(197,3,4,'Strength of Materials'),
(198,3,4,'Applied Hydraulic Engineering'),
(199,3,4,'Surveying-II'),
(200,3,4,'Highway Engineering'),
(201,3,5,'Irrigation Engineering'),
(202,3,5,'Structural Analysis I'),
(203,3,5,'Railways, Airports and Harbour Engineering'),
(204,3,5,'Environmental Engineering I'),
(205,3,5,'Foundation Engineering'),
(206,3,5,'Design of RC Elements'),
(207,3,6,'Principles Of Management'),
(208,3,6,'Structural Analysis-II'),
(209,3,6,'Design Of Steel Structures'),
(210,3,6,'COnstruction Planning'),
(211,3,6,'Environmental Engg'),
(212,3,6,'Elective-I'),
(213,3,7,'Design of Reinforced Concrete & Brick'),
(214,3,7,'Masonry Structures'),
(215,3,7,'Estimation and Quantity Surveying'),
(216,3,7,'Basics of Dynamics and Aseismic Design'),
(217,3,7,'Prestressed Concrete Structures'),
(218,3,7,'Elective – II'),
(219,3,7,'Elective – III'),
(220,3,8,'Engg Economics'),
(221,3,8,'Elective -IV'),
(222,3,8,'Elective-V'),
(223,4,1,'Physics'),
(224,4,1,'Chemistry'),
(225,4,1,'C Language'),
(226,4,1,'Maths-I'),
(227,4,1,'English'),
(228,4,2,'Technical English – II'),
(229,4,2,'Mathematics – II'),
(230,4,2,'Engineering Physics – II'),
(231,4,2,'Engineering Chemistry – II*'),
(232,4,2,'Engineering Mechanics'),
(233,4,2,'Circuit Theory'),
(234,4,2,'Electric Circuits and Electron Devices'),
(235,4,2,'Basic Electrical & Electronics Engineering'),
(236,4,2,'Basic Civil & Mechanical Engineering'),
(237,4,3,'Transforms and Partial DE'),
(238,4,3,'Manu Technology-I'),
(239,4,3,'Engg Thermodynamics'),
(240,4,3,'Kinematics of Machinery'),
(241,4,3,'Fluid Mechanics and Machinery'),
(242,4,3,'Elec. Drives & Control'),
(243,4,5,'Environ.Sci and Engg.'),
(244,4,5,'Thermal Engg'),
(245,4,5,'Dynamics of Machinery'),
(246,4,5,'Design of machine ele.'),
(247,4,5,'Engg Metrology & measurements'),
(248,4,5,'Applied hydraulics & pneumatics'),
(249,4,7,'Total quality management'),
(250,4,7,'Mechatronics'),
(251,4,7,'Comp.Integrated Manu.'),
(252,4,7,'Power plant Engg'),
(253,4,7,'Elective-II'),
(254,4,7,'Elective-III'),
(255,4,6,'Principles Of Management'),
(256,4,6,'Gas Dynamics & Jet Propulsion'),
(257,4,6,'Design of Transmission Sys.'),
(258,4,6,'Automobile Engg'),
(259,4,6,'Finite Ele. Analysis'),
(260,4,6,'Elective-I'),
(261,4,4,'Statistics and Numerical Methods'),
(262,4,4,'Heat and Mass Transfer'),
(263,4,4,'Manufacturing Technology– II'),
(264,4,4,'Engineering Materials and Metallurgy'),
(265,4,4,'Strength of Materials'),
(266,4,4,'Electronics and Microprocessors'),
(267,4,8,'Engg Economics and cost Analysis'),
(268,4,8,'Elective-IV'),
(269,4,8,'Elective-V'),
(270,10,1,'Technical English-I '),
(271,10,1,'Mathematics-I '),
(272,10,1,'Engineering Physics-I '),
(273,10,1,'Engineering Chemistry-I '),
(274,10,1,'Engineering Graphics '),
(275,10,1,'Fundamentals of Computing and Programming'),
(276,10,2,'Technical English–II'),
(277,10,2,'Mathematics–II'),
(278,10,2,'Engineering Physics–II'),
(279,10,2,'Engineering Chemistry–II'),
(280,10,2,'Engineering Mechanics'),
(281,10,2,'Circuit Theory'),
(282,10,2,'Electric Circuits and Electron Devices'),
(283,10,2,'Basic Electrical & Electronics Engineering'),
(284,10,2,'Basic Civil & Mechanical Engineering'),
(285,10,3,'Transforms and Partial Differential Equation '),
(286,10,3,'Principles of chemical Engineering '),
(287,10,3,'Bioorganic Chemistry'),
(288,10,3,'Cell Biology'),
(289,10,3,'Microbiology'),
(290,10,3,'Physical Chemistry'),
(291,10,3,'Food Chemistry'),
(292,10,4,'Probability And Statistics'),
(293,10,4,'Instrumental Methods of Analysis'),
(294,10,4,'Fundamentals of Heat and Mass Transfer'),
(295,10,4,'Food Microbiology'),
(296,10,4,'Biochemical Engineering'),
(297,10,4,'Environmental Science and Engineering'),
(298,10,4,'Genetics'),
(299,10,5,'Molecular Biology'),
(300,10,5,'Biochemical Engineering – II'),
(301,10,5,'Food Analysis'),
(302,10,5,'Food Additives'),
(303,10,5,'Fundamental of Nano science'),
(304,10,5,'Electives-I'),
(305,10,6,'Chemical Reaction Engineering'),
(306,10,6,'Genetic Engineering'),
(307,10,6,'Separation Process'),
(308,10,6,'Food Processing and Preservation'),
(309,10,6,'Total Quality Management'),
(310,10,6,'Electives-II'),
(311,10,7,'Immunology'),
(312,10,7,'Food Safety, Quality and Regulatory Issues'),
(313,10,7,'Food Process Engineering-I'),
(314,10,7,'Food Process Engineering-II'),
(315,10,7,'Cereal Pulse and Oil seed Technology'),
(316,10,7,'Professional Ethics in Engineering'),
(317,10,7,'Elective-III'),
(318,10,8,'Project Work'),
(319,7,1,'Technical English-I'),
(320,7,1,'Mathematics-I'),
(321,7,1,'Engineering Physics-I'),
(322,7,1,'Engineering Chemistry-I'),
(323,7,1,'Engineering Graphics'),
(324,7,1,'Fundamentals of Computing and Programming'),
(325,7,2,'Technical English–II'),
(326,7,2,'Mathematics–II'),
(327,7,2,'Engineering Physics–II'),
(328,7,2,'Engineering Chemistry–II'),
(329,7,2,'Engineering Mechanics'),
(330,7,2,'Circuit Theory'),
(331,7,2,'Electric Circuits and Electron Devices'),
(332,7,2,'Basic Electrical & Electronics Engineering'),
(333,7,2,'Basic Civil & Mechanical Engineering'), 
(334,7,3,'Transforms and Partial Differential Equation'),
(335,7,3,'Electrical Drives and Controls'),
(336,7,3,'Organic Chemistry'),
(337,7,3,'Mechanics of Solids'),
(338,7,3,'Fluid Mechanics'),
(339,7,3,'Environmental Science and Engineering'),
(340,7,4,'Probability and Statistics'),
(341,7,4,'Physical Chemistry'),
(342,7,4,'Instrumental Methods of Analysis'),
(343,7,4,'Chemical Process Industries-I'),
(344,7,4,'Chemical Process Calculations'),
(345,7,4,'Mechanical Operations'),
(346,7,5,'Numerical Methods'),
(347,7,5,'Materials Technology '),
(348,7,5,'Chemical Process Industries-II'),
(349,7,5,'Chemical Engineering Thermodynamics-I'),
(350,7,5,'Heat Transfer'),
(351,7,5,'Mass Transfer-I '),
(352,7,6,'Chemical Engineering Thermodynamics-II'),
(353,7,6,'Mass Transfer-II'),
(354,7,6,' Chemical Reaction Engineering-I'),
(355,7,6,'Process Instrumentation & Control'),
(356,7,6,'Process Plant Utilities'),
(357,7,6,'Energy Engineering'),
(358,7,7,'Chemical Reaction Engineering-II'),
(359,7,7,'Transport Phenomena'),
(360,7,7,'Biochemical Engineering'),
(361,7,7,'Process Economics'),
(362,7,7,'Chemical Process Plant Safety'),
(363,7,7,'Elective-I'),
(364,7,8,'Total Quality Management '),
(365,7,8,'Elective-II'),
(366,7,8,'Elective-III'),
(367,13,1,'Technical English-I'),
(368,13,1,'Mathematics-I'),
(369,13,1,'Engineering Physics-I'),
(370,13,1,'Engineering Chemistry-I'),
(371,13,1,'Engineering Graphics'),
(372,13,1,'Fundamentals of Computing and Programming'),
(373,13,2,'Technical English–II'),
(374,13,2,'Mathematics–II'),
(375,13,2,'Engineering Physics–II'),
(376,13,2,'Engineering Chemistry–II'),
(377,13,2,'Engineering Mechanics'),
(378,13,2,'Circuit Theory'),
(379,13,2,'Electric Circuits and Electron Devices'),
(380,13,2,'Basic Electrical & Electronics Engineering'),
(381,13,2,'Basic Civil & Mechanical Engineering'),
(382,13,3,'Transforms and Partial Differential Equation '),
(383,13,3,'Principles of Chemical Engineering'),
(384,13,3,'Environmental Science and Engineering'),
(385,13,3,' Cell Biology '),
(386,13,3,'Bioorganic Chemistry'),
(387,13,3,'Biochemistry–I'),
(388,13,4,'Basic Industrial Biotechnology '),
(389,13,4,'Probability and Statistics'),
(390,13,4,'Unit Operations'),
(391,13,4,'Chemical Thermodynamics and Bio Thermodynamics'),
(392,13,4,'Instrumental Methods of Analysis'),
(393,13,4,'Microbiology'),
(394,13,5,'Professional Ethics In Engineering'),
(395,13,5,'Bioinformatics-I'),
(396,13,5,'Biochemistry II'),
(397,13,5,'Bioprocess Principles'),
(398,13,5,'Mass Transfer operations'),
(399,13,5,'Molecular Biology'),
(400,13,6,'Bioinformatics-II'),
(401,13,6,'Chemical Reaction Engineering'),
(402,13,6,'Bioprocess Engineering'),
(403,13,6,'Immunology'),
(404,13,6,'Genetic Engineering'),
(405,13,6,'Elective-I'),
(406,13,6,'Elective-II'),
(407,13,7,'Total Quality Management'),
(408,13,7,'Downstream processing'),
(409,13,7,'Protein Engineering'),
(410,13,7,'Elective-III'),
(411,13,7,'Elective-IV'),
(412,13,7,'Elective-V'),
(413,13,7,'Elective-VI'),
(414,13,8,'Project Work');












creation of 2marks table

create table twomarks(s_no int,sem_id int,subject_name varchar(100),l_no int,questions varchar(500));

insert into twomarks(`s_no`,`sem_id`,`subject_name`,`l_no`,`questions`)values
(1,1,'C Language',1,'What is a variable?'),
(1,1,'C Language',1,'What is an identifier?'),
(2,1,'C Language',1,'Write down The operators in C?'),
(2,1,'C Language',1,'Write a program to add 2 numbers?'),
(1,1,'C Language',2,'Write a program to find Quadratic Eqn?'),
(1,1,'C Language',2,'What is a ternary operator?'),
(2,1,'C Language',2,'Write Structure of a C Program?'),
(2,1,'C Language',2,'Write a program to find factorial?'),
(1,1,'C Language',3,'What is a for loop?'),
(1,1,'C Language',3,'Write the difference between a while and do while?'),
(2,1,'C Language',3,'Write a program to print mul table using for loop?'),
(2,1,'C Language',3,'What is the adv of using an array?'),
(1,1,'C Language',4,'Write a program to reverse the elements in an array?'),
(1,1,'C Language',4,'Write a program to sort the given elements in asc order?'),
(2,1,'C Language',4,'What is a pointer?'),
(2,1,'C Language',4,'Write a program to add 2 no using pointer?'),
(1,1,'C Language',5,'Write a the difference between a pointer and reference?'),
(1,1,'C Language',5,'What is file handling?'),
(2,1,'C Language',5,'Why is scanf and printf used?'),
(2,1,'C Language',5,'Write a program to insert a text into a file?');



creation of 16marks table

create table sixteenmarks(s_no int,sem_id int,subject_name varchar(100),l_no int,questions varchar(500));

insert into sixteenmarks(`s_no`,`sem_id`,`subject_name`,`l_no`,`questions`)values
(1,1,'C Language',1,'Explain Recursion with example?'),
(1,1,'C Language',1,'Explain self-referential structure with example?'),
(2,1,'C Language',1,'Write a program to reverse a string using pointers?'),
(2,1,'C Language',1,'Compare For,While and Do.While with Examples?'),
(1,1,'C Language',2,'Explain Call by value,call by refernce with example?'),
(1,1,'C Language',2,'Using pointers,write programs to copy one string ton another?'),
(2,1,'C Language',2,'Using pointers,write programs to find the length of string?'),
(2,1,'C Language',2,'Write a program to sort N numbers?'),
(1,1,'C Language',3,'Explain various types of operators in C Language?'),
(1,1,'C Language',3,'Write a recursive Function to find factorial of a number?'),
(2,1,'C Language',3,'Write a C program to find Nth Fibonacci number?'),
(2,1,'C Language',3,'Write a program to find sum,sub of 2*2 Matrices?'),
(1,1,'C Language',4,'Write a function to find length of a string without using Built-In Function?'),
(1,1,'C Language',4,'Explain Adv of Arrays?'),
(2,1,'C Language',4,'Explain Adv of pointers?'),
(2,1,'C Language',4,'Write about calloc and realloc?'),
(1,1,'C Language',5,'Write a program to write from one file to another?'),
(1,1,'C Language',5,'Write a program to read from a file?'),
(2,1,'C Language',5,'Write about pointers to Structure?'),
(2,1,'C Language',5,'Write about nested Structures with an example?');



